ID,Word
1,Loud
2,Quiet
3,Buzzing
4,Ringing
5,Whistling
6,Humming
7,Crashing
8,Banging
9,Squeaking
10,Roaring
11,Chirping
12,Hissing
13,Clicking
14,Thumping
15,Rustling
16,Silent
17,Noisy
18,Melodic
19,Discordant
20,Rhythmic
21,Barking
22,Meowing
23,Mooing
24,Neighing
25,Quacking
26,Oinking
27,Bleating
28,Howling
29,Growling
30,Purring
31,Screaming
32,Yelling
33,Whispering
34,Talking
35,Singing
36,Laughing
37,Crying
38,Moaning
39,Groaning
40,Sighing
41,Clapping
42,Stomping
43,Tapping
44,Knocking
45,Scratching
46,Tearing
47,Exploding
48,Popping
49,Sizzling
50,Dripping